{"assets/animation/firework_blue.flr":["assets/animation/firework_blue.flr"],"assets/animation/firework_blue1.flr":["assets/animation/firework_blue1.flr"],"assets/animation/firework_green.flr":["assets/animation/firework_green.flr"],"assets/animation/firework_green1.flr":["assets/animation/firework_green1.flr"],"assets/animation/firework_pink.flr":["assets/animation/firework_pink.flr"],"assets/animation/firework_pink1.flr":["assets/animation/firework_pink1.flr"],"assets/animation/firework_red.flr":["assets/animation/firework_red.flr"],"assets/animation/firework_red1.flr":["assets/animation/firework_red1.flr"],"assets/animation/firework_yellow.flr":["assets/animation/firework_yellow.flr"],"assets/animation/firework_yellow1.flr":["assets/animation/firework_yellow1.flr"],"assets/audio/.DS_Store":["assets/audio/.DS_Store"],"assets/images/.DS_Store":["assets/images/.DS_Store"],"assets/images/speedIcon.png":["assets/images/speedIcon.png"],"packages/cupertino_icons/assets/CupertinoIcons.ttf":["packages/cupertino_icons/assets/CupertinoIcons.ttf"]}